-- MariaDB dump 10.19  Distrib 10.4.32-MariaDB, for Win64 (AMD64)
--
-- Host: localhost    Database: ticketplus_dev
-- ------------------------------------------------------
-- Server version	10.4.32-MariaDB

/*!40101 SET @OLD_CHARACTER_SET_CLIENT=@@CHARACTER_SET_CLIENT */;
/*!40101 SET @OLD_CHARACTER_SET_RESULTS=@@CHARACTER_SET_RESULTS */;
/*!40101 SET @OLD_COLLATION_CONNECTION=@@COLLATION_CONNECTION */;
/*!40101 SET NAMES utf8mb4 */;
/*!40103 SET @OLD_TIME_ZONE=@@TIME_ZONE */;
/*!40103 SET TIME_ZONE='+00:00' */;
/*!40014 SET @OLD_FOREIGN_KEY_CHECKS=@@FOREIGN_KEY_CHECKS, FOREIGN_KEY_CHECKS=0 */;
/*!40101 SET @OLD_SQL_MODE=@@SQL_MODE, SQL_MODE='NO_AUTO_VALUE_ON_ZERO' */;
/*!40111 SET @OLD_SQL_NOTES=@@SQL_NOTES, SQL_NOTES=0 */;

--
-- Dumping data for table `mayoristas`
--

LOCK TABLES `mayoristas` WRITE;
/*!40000 ALTER TABLE `mayoristas` DISABLE KEYS */;
INSERT INTO `mayoristas` (`id`, `nombre`, `email`, `telefono`, `gescom_db_host`, `gescom_db_port`, `gescom_db_name`, `gescom_db_user`, `gescom_db_password`, `whatsapp_api_key`, `whatsapp_phone_number`, `logo_url`, `color_primario`, `color_secundario`, `recomendaciones_activas`, `tiempo_espera_horas`, `max_productos_recomendados`, `reglas_recomendacion`, `activo`, `fecha_creacion`, `fecha_actualizacion`) VALUES (4,'Distribuidora Norte','admin@distribuidoranorte.com','+5491234567890','localhost',3306,'gescom_norte','gescom_user','gescom_pass','sk-1234567890abcdef','+5491234567890','https://via.placeholder.com/150x50?text=Norte','#4CAF50','#45a049',1,24,5,'\"mas_vendidos,historico_cliente\"',1,'2025-07-02 13:46:41','2025-07-11 14:00:31'),(5,'Mayorista Sur','contacto@mayoristasur.com','+5497654321098','localhost',3306,'gescom_sur','gescom_user','gescom_pass','sk-abcdef1234567890','+5497654321098','https://via.placeholder.com/150x50?text=Sur','#2196F3','#1976D2',1,48,3,'\"categoria_similar,manual\"',1,'2025-07-02 13:46:41',NULL);
/*!40000 ALTER TABLE `mayoristas` ENABLE KEYS */;
UNLOCK TABLES;

--
-- Dumping data for table `clientes`
--

LOCK TABLES `clientes` WRITE;
/*!40000 ALTER TABLE `clientes` DISABLE KEYS */;
INSERT INTO `clientes` (`id`, `gescom_cliente_id`, `nombre`, `email`, `telefono`, `direccion`, `mayorista_id`, `whatsapp_numero`, `acepta_whatsapp`, `activo`, `fecha_ultimo_pedido`, `total_pedidos`, `ticket_promedio`, `fecha_creacion`, `fecha_actualizacion`) VALUES (4,'CLI001','Almacén San Martín','almacen@sanmartin.com','+5491111111111','Av. San Martín 1234, Buenos Aires',4,'+5491111111111',1,1,'2025-06-29 13:46:41',15,1250,'2025-07-02 13:46:41',NULL),(5,'CLI002','Supermercado El Barrio','compras@elbarrio.com','+5492222222222','Calle Falsa 456, Córdoba',4,'+5492222222222',1,1,'2025-07-01 13:46:41',32,2101,'2025-07-02 13:46:41',NULL),(6,'CLI003','Kiosco Central','kiosco@central.com','+5493333333333','Plaza Central 789, Rosario',5,'+5493333333333',1,1,'2025-06-27 13:46:41',8,850,'2025-07-02 13:46:41',NULL),(9,'CLI-141550','Supermercado Los Alamos','gerente@losalamos.com','+5491156789012',NULL,4,'+5491156789012',1,1,'2025-07-02 14:15:50',1,8850,'2025-07-02 14:15:50',NULL);
/*!40000 ALTER TABLE `clientes` ENABLE KEYS */;
UNLOCK TABLES;

--
-- Dumping data for table `usuarios`
--

LOCK TABLES `usuarios` WRITE;
/*!40000 ALTER TABLE `usuarios` DISABLE KEYS */;
INSERT INTO `usuarios` (`id`, `email`, `nombre`, `apellido`, `hashed_password`, `mayorista_id`, `es_admin`, `activo`, `fecha_creacion`, `fecha_ultimo_acceso`) VALUES (3,'admin@distribuidoranorte.com','Admin Norte',NULL,'$2b$12$example_hash',4,1,1,'2025-07-02 13:46:41',NULL),(4,'admin@mayoristasur.com','Admin Sur',NULL,'$2b$12$example_hash',5,1,1,'2025-07-02 13:46:41',NULL),(5,'test@ticketplus.com','Usuario Prueba','TicketPlus','ecd71870d1963316a97e3ac3408c9835ad8cf0f3c1bc703527c30265534f75ae',4,1,1,'2025-07-04 14:45:19',NULL);
/*!40000 ALTER TABLE `usuarios` ENABLE KEYS */;
UNLOCK TABLES;

--
-- Dumping data for table `productos`
--

LOCK TABLES `productos` WRITE;
/*!40000 ALTER TABLE `productos` DISABLE KEYS */;
INSERT INTO `productos` (`id`, `gescom_producto_id`, `codigo`, `nombre`, `descripcion`, `mayorista_id`, `categoria`, `marca`, `precio`, `stock`, `imagen_url`, `es_destacado`, `orden_recomendacion`, `activo_recomendaciones`, `veces_vendido`, `veces_recomendado`, `conversion_recomendacion`, `activo`, `fecha_creacion`, `fecha_actualizacion`) VALUES (11,'PROD001','ARR001','Arroz Gallo 1kg',NULL,4,NULL,NULL,850.00,0,NULL,0,0,1,0,0,0.00,1,'2025-07-02 13:46:41',NULL),(12,'PROD002','FID001','Fideos Matarazzo 500g',NULL,4,NULL,NULL,450.00,0,NULL,0,0,1,0,0,0.00,1,'2025-07-02 13:46:41',NULL),(13,'PROD003','ACE001','Aceite Natura 900ml',NULL,4,NULL,NULL,1250.00,0,NULL,0,0,1,0,0,0.00,1,'2025-07-02 13:46:41',NULL),(14,'PROD004','LEC001','Leche La Serenísima 1L',NULL,4,NULL,NULL,650.00,0,NULL,0,0,1,0,0,0.00,1,'2025-07-02 13:46:41',NULL),(15,'PROD005','PAN001','Pan Lactal Bimbo',NULL,4,NULL,NULL,420.00,0,NULL,0,0,1,0,0,0.00,1,'2025-07-02 13:46:41',NULL),(16,'PROD006','YOG001','Yogur Ser Natural 900g',NULL,4,NULL,NULL,890.00,0,NULL,0,0,1,0,0,0.00,1,'2025-07-02 13:46:41',NULL),(17,'PROD007','QUE001','Queso Cremoso Casancrem 300g',NULL,4,NULL,NULL,1350.00,0,NULL,0,0,1,0,0,0.00,1,'2025-07-02 13:46:41',NULL),(18,'PROD008','AZU001','Azúcar Ledesma 1kg',NULL,4,NULL,NULL,780.00,0,NULL,0,0,1,0,0,0.00,1,'2025-07-02 13:46:41',NULL),(19,'PROD009','CAF001','Café La Virginia 500g',NULL,5,NULL,NULL,2200.00,0,NULL,0,0,1,0,0,0.00,1,'2025-07-02 13:46:41',NULL),(20,'PROD010','GAL001','Galletitas Oreo 118g',NULL,5,NULL,NULL,950.00,0,NULL,0,0,1,0,0,0.00,1,'2025-07-02 13:46:41',NULL),(21,'GES_300043017','300043017','Lays Clas','Lays Clas',4,'General','Gescom',1100.00,100,NULL,0,0,1,0,0,0.00,1,'2025-07-04 14:30:28','2025-07-04 14:37:21'),(22,'GES_60005220','60005220','Producto Gescom 60005220','Producto importado desde Gescom - 1 combos asociados',4,'Gescom','Gescom',1100.00,100,NULL,0,0,1,0,0,0.00,1,'2025-07-04 14:30:28',NULL),(23,'GES_33558','33558','Producto Gescom 33558','Producto importado desde Gescom - 1 combos asociados',4,'Gescom','Gescom',1100.00,100,NULL,0,0,1,0,0,0.00,1,'2025-07-04 14:30:28',NULL),(24,'GES_999930833','999930833','Producto Gescom 999930833','Producto importado desde Gescom - 1 combos asociados',4,'Gescom','Gescom',1100.00,100,NULL,0,0,1,0,0,0.00,1,'2025-07-04 14:30:28',NULL),(25,'GES_300046063','300046063','Producto Gescom 300046063','Producto importado desde Gescom - 1 combos asociados',4,'Gescom','Gescom',1100.00,100,NULL,0,0,1,0,0,0.00,1,'2025-07-04 14:30:28',NULL),(26,'GES_999991','999991','Bandeo','Bandeo',4,'General','Gescom',1000.00,100,NULL,0,0,1,0,0,0.00,1,'2025-07-04 14:37:21',NULL),(27,'GES_999992','999992','Bandeo','Bandeo',4,'General','Gescom',1000.00,100,NULL,0,0,1,0,0,0.00,1,'2025-07-04 14:37:21',NULL),(28,'GES_999993','999993','Bandeo','Bandeo',4,'General','Gescom',1000.00,100,NULL,0,0,1,0,0,0.00,1,'2025-07-04 14:37:21',NULL),(29,'GES_999994','999994','Bandeo','Bandeo',4,'General','Gescom',1000.00,100,NULL,0,0,1,0,0,0.00,1,'2025-07-04 14:37:21',NULL),(30,'GES_999995','999995','Bandeo','Bandeo',4,'General','Gescom',1000.00,100,NULL,0,0,1,0,0,0.00,1,'2025-07-04 14:37:21',NULL),(31,'GES_999996','999996','Bandeo','Bandeo',4,'General','Gescom',1000.00,100,NULL,0,0,1,0,0,0.00,1,'2025-07-04 14:37:21',NULL),(32,'GES_999997','999997','Bandeo','Bandeo',4,'General','Gescom',1000.00,100,NULL,0,0,1,0,0,0.00,1,'2025-07-04 14:37:21',NULL),(33,'GES_999998','999998','Bandeo','Bandeo',4,'General','Gescom',1000.00,100,NULL,0,0,1,0,0,0.00,1,'2025-07-04 14:37:21',NULL),(34,'GES_999999','999999','Bandeo','Bandeo',4,'General','Gescom',1000.00,100,NULL,0,0,1,0,0,0.00,1,'2025-07-04 14:37:21',NULL),(35,'GES_300030656','300030656','Pehuamar','Pehuamar',4,'General','Gescom',1000.00,100,NULL,0,0,1,0,0,0.00,1,'2025-07-04 14:37:21',NULL),(36,'GES_300030666','300030666','Pehuamar','Pehuamar',4,'General','Gescom',1000.00,100,NULL,0,0,1,0,0,0.00,1,'2025-07-04 14:37:21',NULL),(37,'GES_300030671','300030671','Toddy Pol','Toddy Pol',4,'General','Gescom',1000.00,100,NULL,0,0,1,0,0,0.00,1,'2025-07-04 14:37:21',NULL),(38,'GES_300030673','300030673','Quaker Av','Quaker Av',4,'General','Gescom',1000.00,100,NULL,0,0,1,0,0,0.00,1,'2025-07-04 14:37:21',NULL),(39,'GES_300030674','300030674','Quaker Av','Quaker Av',4,'General','Gescom',1000.00,100,NULL,0,0,1,0,0,0.00,1,'2025-07-04 14:37:21',NULL),(40,'GES_300030675','300030675','Quaker Av','Quaker Av',4,'General','Gescom',1000.00,100,NULL,0,0,1,0,0,0.00,1,'2025-07-04 14:37:21',NULL),(41,'GES_300030676','300030676','Quaker Av','Quaker Av',4,'General','Gescom',1000.00,100,NULL,0,0,1,0,0,0.00,1,'2025-07-04 14:37:21',NULL),(42,'GES_300030730','300030730','Pehuamar','Pehuamar',4,'General','Gescom',1000.00,100,NULL,0,0,1,0,0,0.00,1,'2025-07-04 14:37:21',NULL),(43,'GES_300030736','300030736','Quaker Ba','Quaker Ba',4,'General','Gescom',1000.00,100,NULL,0,0,1,0,0,0.00,1,'2025-07-04 14:37:21',NULL),(44,'GES_300030737','300030737','Quaker Ba','Quaker Ba',4,'General','Gescom',1000.00,100,NULL,0,0,1,0,0,0.00,1,'2025-07-04 14:37:21',NULL),(45,'GES_300030738','300030738','Quaker Ba','Quaker Ba',4,'General','Gescom',1000.00,100,NULL,0,0,1,0,0,0.00,1,'2025-07-04 14:37:21',NULL),(46,'GES_300030751','300030751','Pehuamar','Pehuamar',4,'General','Gescom',1000.00,100,NULL,0,0,1,0,0,0.00,1,'2025-07-04 14:37:21',NULL),(47,'GES_300030752','300030752','Pehuamar','Pehuamar',4,'General','Gescom',1000.00,100,NULL,0,0,1,0,0,0.00,1,'2025-07-04 14:37:21',NULL),(48,'GES_300030780','300030780','Toddy Pol','Toddy Pol',4,'General','Gescom',1000.00,100,NULL,0,0,1,0,0,0.00,1,'2025-07-04 14:37:21',NULL),(49,'GES_300030787','300030787','Pehuamar','Pehuamar',4,'General','Gescom',1000.00,100,NULL,0,0,1,0,0,0.00,1,'2025-07-04 14:37:21',NULL),(50,'GES_300030793','300030793','Toddy Pol','Toddy Pol',4,'General','Gescom',1000.00,100,NULL,0,0,1,0,0,0.00,1,'2025-07-04 14:37:21',NULL),(51,'GES_300030796','300030796','Zucoa Max','Zucoa Max',4,'General','Gescom',1000.00,100,NULL,0,0,1,0,0,0.00,1,'2025-07-04 14:37:21',NULL),(52,'GES_300030815','300030815','Pehuamar','Pehuamar',4,'General','Gescom',1000.00,100,NULL,0,0,1,0,0,0.00,1,'2025-07-04 14:37:21',NULL),(53,'GES_300030820','300030820','Pehuamar','Pehuamar',4,'General','Gescom',1000.00,100,NULL,0,0,1,0,0,0.00,1,'2025-07-04 14:37:21',NULL),(54,'GES_300030823','300030823','Pehuamar','Pehuamar',4,'General','Gescom',1000.00,100,NULL,0,0,1,0,0,0.00,1,'2025-07-04 14:37:21',NULL),(55,'GES_300030826','300030826','Quaker Av','Quaker Av',4,'General','Gescom',1000.00,100,NULL,0,0,1,0,0,0.00,1,'2025-07-04 14:37:21',NULL),(56,'GES_300030827','300030827','Quaker Av','Quaker Av',4,'General','Gescom',1000.00,100,NULL,0,0,1,0,0,0.00,1,'2025-07-04 14:37:21',NULL),(57,'GES_300030828','300030828','Quaker Ce','Quaker Ce',4,'General','Gescom',1000.00,100,NULL,0,0,1,0,0,0.00,1,'2025-07-04 14:37:21',NULL),(58,'GES_300030829','300030829','Quaker Ce','Quaker Ce',4,'General','Gescom',1000.00,100,NULL,0,0,1,0,0,0.00,1,'2025-07-04 14:37:21',NULL),(59,'GES_300030832','300030832','Quaker Ce','Quaker Ce',4,'General','Gescom',1000.00,100,NULL,0,0,1,0,0,0.00,1,'2025-07-04 14:37:21',NULL),(60,'GES_300030833','300030833','Toddy Cer','Toddy Cer',4,'General','Gescom',1000.00,100,NULL,0,0,1,0,0,0.00,1,'2025-07-04 14:37:21',NULL),(61,'GES_300030834','300030834','Zucoa Max','Zucoa Max',4,'General','Gescom',1000.00,100,NULL,0,0,1,0,0,0.00,1,'2025-07-04 14:37:21',NULL),(62,'GES_300030890','300030890','Pehuamar','Pehuamar',4,'General','Gescom',1000.00,100,NULL,0,0,1,0,0,0.00,1,'2025-07-04 14:37:21',NULL),(63,'GES_300030891','300030891','Pehuamar','Pehuamar',4,'General','Gescom',1000.00,100,NULL,0,0,1,0,0,0.00,1,'2025-07-04 14:37:21',NULL),(64,'GES_300030896','300030896','Twistos M','Twistos M',4,'General','Gescom',1000.00,100,NULL,0,0,1,0,0,0.00,1,'2025-07-04 14:37:21',NULL),(65,'GES_300030900','300030900','Twistos M','Twistos M',4,'General','Gescom',1000.00,100,NULL,0,0,1,0,0,0.00,1,'2025-07-04 14:37:21',NULL),(66,'GES_300030951','300030951','Zucoa Max','Zucoa Max',4,'General','Gescom',1000.00,100,NULL,0,0,1,0,0,0.00,1,'2025-07-04 14:37:21',NULL),(67,'GES_300032435','300032435','Lays Stax','Lays Stax',4,'General','Gescom',1000.00,100,NULL,0,0,1,0,0,0.00,1,'2025-07-04 14:37:21',NULL),(68,'GES_300032436','300032436','Lays Stax','Lays Stax',4,'General','Gescom',1000.00,100,NULL,0,0,1,0,0,0.00,1,'2025-07-04 14:37:21',NULL),(69,'GES_300032437','300032437','Lays Stax','Lays Stax',4,'General','Gescom',1000.00,100,NULL,0,0,1,0,0,0.00,1,'2025-07-04 14:37:21',NULL),(70,'GES_300033487','300033487','Doritos Q','Doritos Q',4,'General','Gescom',1000.00,100,NULL,0,0,1,0,0,0.00,1,'2025-07-04 14:37:21',NULL),(71,'GES_300033488','300033488','Pep Comun','Pep Comun',4,'General','Gescom',1000.00,100,NULL,0,0,1,0,0,0.00,1,'2025-07-04 14:37:21',NULL),(72,'GES_300033489','300033489','Pep Ruedi','Pep Ruedi',4,'General','Gescom',1000.00,100,NULL,0,0,1,0,0,0.00,1,'2025-07-04 14:37:21',NULL),(73,'GES_300033553','300033553','Tostitos','Tostitos',4,'General','Gescom',1000.00,100,NULL,0,0,1,0,0,0.00,1,'2025-07-04 14:37:21',NULL),(74,'GES_300033554','300033554','Mani Con','Mani Con',4,'General','Gescom',1000.00,100,NULL,0,0,1,0,0,0.00,1,'2025-07-04 14:37:21',NULL),(75,'GES_300033555','300033555','Mani Con','Mani Con',4,'General','Gescom',1000.00,100,NULL,0,0,1,0,0,0.00,1,'2025-07-04 14:37:21',NULL),(76,'GES_300033558','300033558','Mani Pela','Mani Pela',4,'General','Gescom',1000.00,100,NULL,0,0,1,0,0,0.00,1,'2025-07-04 14:37:21',NULL),(77,'GES_300033585','300033585','Doritos Q','Doritos Q',4,'General','Gescom',1000.00,100,NULL,0,0,1,0,0,0.00,1,'2025-07-04 14:37:21',NULL),(78,'GES_300033588','300033588','3d Queso','3d Queso',4,'General','Gescom',1000.00,100,NULL,0,0,1,0,0,0.00,1,'2025-07-04 14:37:21',NULL),(79,'GES_300034331','300034331','Cheetos Q','Cheetos Q',4,'General','Gescom',1000.00,100,NULL,0,0,1,0,0,0.00,1,'2025-07-04 14:37:21',NULL),(80,'GES_300034690','300034690','Pep Ruedi','Pep Ruedi',4,'General','Gescom',1000.00,100,NULL,0,0,1,0,0,0.00,1,'2025-07-04 14:37:21',NULL),(81,'GES_300034691','300034691','Pep Ruedi','Pep Ruedi',4,'General','Gescom',1000.00,100,NULL,0,0,1,0,0,0.00,1,'2025-07-04 14:37:21',NULL),(82,'GES_300034692','300034692','Pep Comun','Pep Comun',4,'General','Gescom',1000.00,100,NULL,0,0,1,0,0,0.00,1,'2025-07-04 14:37:21',NULL),(83,'GES_300034693','300034693','Pep Comun','Pep Comun',4,'General','Gescom',1000.00,100,NULL,0,0,1,0,0,0.00,1,'2025-07-04 14:37:21',NULL),(84,'GES_300034770','300034770','Mani Pela','Mani Pela',4,'General','Gescom',1000.00,100,NULL,0,0,1,0,0,0.00,1,'2025-07-04 14:37:21',NULL),(85,'GES_300034982','300034982','Cheetos Q','Cheetos Q',4,'General','Gescom',1000.00,100,NULL,0,0,1,0,0,0.00,1,'2025-07-04 14:37:21',NULL),(86,'GES_300034983','300034983','Doritos Q','Doritos Q',4,'General','Gescom',1000.00,100,NULL,0,0,1,0,0,0.00,1,'2025-07-04 14:37:21',NULL),(87,'GES_300034984','300034984','3d Queso','3d Queso',4,'General','Gescom',1000.00,100,NULL,0,0,1,0,0,0.00,1,'2025-07-04 14:37:21',NULL),(88,'GES_300038479','300038479','Twistos M','Twistos M',4,'General','Gescom',1000.00,100,NULL,0,0,1,0,0,0.00,1,'2025-07-04 14:37:21',NULL),(89,'GES_300038562','300038562','Twistos M','Twistos M',4,'General','Gescom',1000.00,100,NULL,0,0,1,0,0,0.00,1,'2025-07-04 14:37:21',NULL),(90,'GES_300038563','300038563','Twistos M','Twistos M',4,'General','Gescom',1000.00,100,NULL,0,0,1,0,0,0.00,1,'2025-07-04 14:37:21',NULL),(91,'GES_300038569','300038569','Twistos M','Twistos M',4,'General','Gescom',1000.00,100,NULL,0,0,1,0,0,0.00,1,'2025-07-04 14:37:21',NULL),(92,'GES_300038613','300038613','Tostitos','Tostitos',4,'General','Gescom',1000.00,100,NULL,0,0,1,0,0,0.00,1,'2025-07-04 14:37:21',NULL),(93,'GES_300038620','300038620','Twistos M','Twistos M',4,'General','Gescom',1000.00,100,NULL,0,0,1,0,0,0.00,1,'2025-07-04 14:37:21',NULL),(94,'GES_300038621','300038621','Twistos M','Twistos M',4,'General','Gescom',1000.00,100,NULL,0,0,1,0,0,0.00,1,'2025-07-04 14:37:21',NULL),(95,'GES_300038897','300038897','3d Mega Q','3d Mega Q',4,'General','Gescom',1000.00,100,NULL,0,0,1,0,0,0.00,1,'2025-07-04 14:37:21',NULL),(96,'GES_300038954','300038954','Doritos Q','Doritos Q',4,'General','Gescom',1000.00,100,NULL,0,0,1,0,0,0.00,1,'2025-07-04 14:37:21',NULL),(97,'GES_300038956','300038956','Cheetos S','Cheetos S',4,'General','Gescom',1000.00,100,NULL,0,0,1,0,0,0.00,1,'2025-07-04 14:37:21',NULL),(98,'GES_300039035','300039035','Toddy Gal','Toddy Gal',4,'General','Gescom',1000.00,100,NULL,0,0,1,0,0,0.00,1,'2025-07-04 14:37:21',NULL),(99,'GES_300039057','300039057','Lays Clas','Lays Clas',4,'General','Gescom',1000.00,100,NULL,0,0,1,0,0,0.00,1,'2025-07-04 14:37:21',NULL),(100,'GES_300039389','300039389','Detodito','Detodito',4,'General','Gescom',1000.00,100,NULL,0,0,1,0,0,0.00,1,'2025-07-04 14:37:21',NULL),(101,'GES_300039391','300039391','Pehuamar','Pehuamar',4,'General','Gescom',1000.00,100,NULL,0,0,1,0,0,0.00,1,'2025-07-04 14:37:21',NULL),(102,'GES_300039704','300039704','Pehuamar','Pehuamar',4,'General','Gescom',1000.00,100,NULL,0,0,1,0,0,0.00,1,'2025-07-04 14:37:21',NULL),(103,'GES_300039705','300039705','Pehuamar','Pehuamar',4,'General','Gescom',1000.00,100,NULL,0,0,1,0,0,0.00,1,'2025-07-04 14:37:21',NULL),(104,'GES_300039709','300039709','Pehuamar','Pehuamar',4,'General','Gescom',1000.00,100,NULL,0,0,1,0,0,0.00,1,'2025-07-04 14:37:21',NULL),(105,'GES_300039710','300039710','Pehuamar','Pehuamar',4,'General','Gescom',1000.00,100,NULL,0,0,1,0,0,0.00,1,'2025-07-04 14:37:21',NULL),(106,'GES_300039713','300039713','Pehuamar','Pehuamar',4,'General','Gescom',1000.00,100,NULL,0,0,1,0,0,0.00,1,'2025-07-04 14:37:21',NULL),(107,'GES_300039715','300039715','Pehuamar','Pehuamar',4,'General','Gescom',1000.00,100,NULL,0,0,1,0,0,0.00,1,'2025-07-04 14:37:21',NULL),(108,'GES_300039716','300039716','Pehuamar','Pehuamar',4,'General','Gescom',1000.00,100,NULL,0,0,1,0,0,0.00,1,'2025-07-04 14:37:21',NULL),(109,'GES_300039920','300039920','Pehuamar','Pehuamar',4,'General','Gescom',1000.00,100,NULL,0,0,1,0,0,0.00,1,'2025-07-04 14:37:21',NULL),(110,'GES_300039921','300039921','Pehuamar','Pehuamar',4,'General','Gescom',1000.00,100,NULL,0,0,1,0,0,0.00,1,'2025-07-04 14:37:21',NULL),(111,'GES_300039922','300039922','Pehuamar','Pehuamar',4,'General','Gescom',1000.00,100,NULL,0,0,1,0,0,0.00,1,'2025-07-04 14:37:21',NULL),(112,'GES_300042279','300042279','Twistos M','Twistos M',4,'General','Gescom',1000.00,100,NULL,0,0,1,0,0,0.00,1,'2025-07-04 14:37:21',NULL),(113,'GES_300042300','300042300','3d Mega Q','3d Mega Q',4,'General','Gescom',1000.00,100,NULL,0,0,1,0,0,0.00,1,'2025-07-04 14:37:21',NULL),(114,'GES_300042301','300042301','Lays Clas','Lays Clas',4,'General','Gescom',1000.00,100,NULL,0,0,1,0,0,0.00,1,'2025-07-04 14:37:21',NULL),(115,'GES_300042302','300042302','Doritos Q','Doritos Q',4,'General','Gescom',1000.00,100,NULL,0,0,1,0,0,0.00,1,'2025-07-04 14:37:21',NULL),(116,'GES_300042303','300042303','Cheetos S','Cheetos S',4,'General','Gescom',1000.00,100,NULL,0,0,1,0,0,0.00,1,'2025-07-04 14:37:21',NULL),(117,'GES_300042491','300042491','Twistos M','Twistos M',4,'General','Gescom',1000.00,100,NULL,0,0,1,0,0,0.00,1,'2025-07-04 14:37:21',NULL),(118,'GES_300042809','300042809','Mani Japo','Mani Japo',4,'General','Gescom',1000.00,100,NULL,0,0,1,0,0,0.00,1,'2025-07-04 14:37:21',NULL),(119,'GES_300042853','300042853','Mani Japo','Mani Japo',4,'General','Gescom',1000.00,100,NULL,0,0,1,0,0,0.00,1,'2025-07-04 14:37:21',NULL),(120,'GES_300043018','300043018','Doritos Q','Doritos Q',4,'General','Gescom',1000.00,100,NULL,0,0,1,0,0,0.00,1,'2025-07-04 14:37:21',NULL),(121,'GES_300043100','300043100','Detodito','Detodito',4,'General','Gescom',1000.00,100,NULL,0,0,1,0,0,0.00,1,'2025-07-04 14:37:21',NULL),(122,'GES_300043101','300043101','Cheetos Q','Cheetos Q',4,'General','Gescom',1000.00,100,NULL,0,0,1,0,0,0.00,1,'2025-07-04 14:37:21',NULL),(123,'GES_300043102','300043102','3ds Mega','3ds Mega',4,'General','Gescom',1000.00,100,NULL,0,0,1,0,0,0.00,1,'2025-07-04 14:37:21',NULL),(124,'GES_300043380','300043380','Toddy Gal','Toddy Gal',4,'General','Gescom',1000.00,100,NULL,0,0,1,0,0,0.00,1,'2025-07-04 14:37:21',NULL);
/*!40000 ALTER TABLE `productos` ENABLE KEYS */;
UNLOCK TABLES;

--
-- Dumping data for table `pedidos`
--

LOCK TABLES `pedidos` WRITE;
/*!40000 ALTER TABLE `pedidos` DISABLE KEYS */;
INSERT INTO `pedidos` (`id`, `gescom_pedido_id`, `numero_pedido`, `mayorista_id`, `cliente_id`, `tipo`, `estado`, `subtotal`, `descuento`, `impuestos`, `total`, `observaciones`, `direccion_envio`, `recomendaciones_enviadas`, `fecha_envio_recomendaciones`, `token_carrito`, `token_expiracion`, `click_whatsapp`, `fecha_click_whatsapp`, `conversion_upsell`, `monto_upsell`, `fecha_pedido`, `fecha_creacion`, `fecha_actualizacion`, `pedido_original_id`, `codigo_referencia`) VALUES (1,'PED001','ORD-2025-001',4,4,'ORIGINAL','ENTREGADO',1300.00,0.00,236.70,1536.70,'Pedido de prueba','Av. San Martín 1234, Buenos Aires',1,'2025-07-02 11:46:41','PED001','2025-07-03 13:54:32',0,NULL,0,0.00,'2025-07-01 13:46:41','2025-07-02 13:46:41',NULL,NULL,NULL),(2,'UPSELL001','UP-2025-001',4,4,'UPSELL','ENTREGADO',2500.00,NULL,NULL,2500.00,NULL,NULL,NULL,NULL,'UP001','2025-07-03 14:08:33',NULL,NULL,NULL,NULL,'2025-07-02 14:08:33','2025-07-02 14:08:33',NULL,NULL,NULL),(3,'UPSELL001','UP-001',4,4,'UPSELL','ENTREGADO',2500.00,NULL,NULL,2500.00,NULL,NULL,NULL,NULL,NULL,NULL,NULL,NULL,NULL,NULL,'2025-07-02 14:08:44','2025-07-02 14:08:44',NULL,NULL,NULL),(4,'UPSELL001','UP-001',4,4,'UPSELL','ENTREGADO',2500.00,NULL,NULL,2500.00,NULL,NULL,NULL,NULL,NULL,NULL,NULL,NULL,NULL,NULL,'2025-07-02 14:09:21','2025-07-02 14:09:21',NULL,NULL,NULL),(5,'UPSELL002','UP-002',4,5,'UPSELL','ENTREGADO',1850.00,NULL,NULL,1850.00,NULL,NULL,NULL,NULL,NULL,NULL,NULL,NULL,NULL,NULL,'2025-07-01 14:09:21','2025-07-02 14:09:21',NULL,NULL,NULL),(6,'UPSELL003','UP-003',4,6,'UPSELL','ENTREGADO',3200.00,NULL,NULL,3200.00,NULL,NULL,NULL,NULL,NULL,NULL,NULL,NULL,NULL,NULL,'2025-06-30 14:09:21','2025-07-02 14:09:21',NULL,NULL,NULL),(7,'UPSELL004','UP-004',4,4,'UPSELL','ENTREGADO',950.00,NULL,NULL,950.00,NULL,NULL,NULL,NULL,NULL,NULL,NULL,NULL,NULL,NULL,'2025-06-29 14:09:21','2025-07-02 14:09:21',NULL,NULL,NULL),(9,'SIM-141550','ORD-20250702-SIM-141550',4,9,'ORIGINAL','PROCESANDO',8850.00,0.00,0.00,8850.00,NULL,'Av. Los Alamos 456, Zona Norte',1,'2025-07-02 14:15:50','YB7G80YpU2__GGauJoKNMZML5c2ET6CdtJD9IShHQsI','2025-07-02 23:59:59',0,NULL,0,0.00,'2025-07-02 14:15:50','2025-07-02 14:15:50','2025-07-02 14:15:50',NULL,NULL),(10,'GESCOM_UPSELL_1_20250702_154556','UP-001-ORD-20250702-SIM-141550',4,9,'UPSELL','PENDIENTE',200.00,0.00,42.00,242.00,'Pedido UPSELL generado por recomendaciones de Ticket+ - Referencia: ORD-20250702-SIM-141550','Av. Los Alamos 456, Zona Norte',0,NULL,NULL,NULL,0,NULL,0,0.00,'2025-07-02 15:45:58','2025-07-02 15:45:58',NULL,9,'ORD-20250702-SIM-141550'),(11,'GESCOM_UPSELL_2_20250702_154558','UP-002-ORD-20250702-SIM-141550',4,9,'UPSELL','PENDIENTE',250.00,0.00,52.50,302.50,'Pedido UPSELL generado por recomendaciones de Ticket+ - Referencia: ORD-20250702-SIM-141550','Av. Los Alamos 456, Zona Norte',0,NULL,NULL,NULL,0,NULL,0,0.00,'2025-07-02 15:46:01','2025-07-02 15:46:01',NULL,9,'ORD-20250702-SIM-141550'),(12,'GESCOM_UPSELL_3_20250702_154601','UP-003-ORD-20250702-SIM-141550',4,9,'UPSELL','PENDIENTE',300.00,0.00,63.00,363.00,'Pedido UPSELL generado por recomendaciones de Ticket+ - Referencia: ORD-20250702-SIM-141550','Av. Los Alamos 456, Zona Norte',0,NULL,NULL,NULL,0,NULL,0,0.00,'2025-07-02 15:46:03','2025-07-02 15:46:03',NULL,9,'ORD-20250702-SIM-141550'),(13,'TEST-001','TEST-CARRITO-001',4,4,'ORIGINAL','ENTREGADO',1500.00,0.00,0.00,1500.00,NULL,NULL,0,NULL,'ticketplus-token-fijo-2024-para-testing','2025-08-03 16:04:45',0,NULL,0,0.00,'2025-07-04 16:04:45','2025-07-04 16:04:45',NULL,NULL,NULL),(14,'DEMO-001','DEMO-20250711-120720',4,4,'ORIGINAL','PENDIENTE',450.00,0.00,0.00,450.00,'Pedido de demostración para mostrar carrito',NULL,0,NULL,'demo-carrito-1FQ5Gnz6jvd28e4GX614YQ','2025-07-12 12:07:20',0,NULL,0,0.00,'2025-07-11 12:07:20','2025-07-11 12:07:20',NULL,NULL,NULL),(15,'DEMO-WEB','DEMO-WEB-20250711-120955',4,4,'ORIGINAL','PENDIENTE',450.00,0.00,0.00,450.00,'Carrito de demostración generado desde admin',NULL,0,NULL,'demo-carrito-lnbRDmJbOW8CfUmToE_x8A','2025-07-12 12:09:55',0,NULL,0,0.00,'2025-07-11 12:09:55','2025-07-11 12:09:55',NULL,NULL,NULL),(16,'DEMO-WEB','DEMO-WEB-20250711-121211',4,4,'ORIGINAL','PENDIENTE',450.00,0.00,0.00,450.00,'Carrito de demostración generado desde admin',NULL,0,NULL,'demo-carrito-B0SHo2FXcaHrqNfTY_vz9w','2025-07-12 12:12:11',0,NULL,0,0.00,'2025-07-11 12:12:11','2025-07-11 12:12:11',NULL,NULL,NULL),(17,'DEMO-WEB','DEMO-WEB-20250711-122233',4,4,'ORIGINAL','PENDIENTE',450.00,0.00,0.00,450.00,'Carrito de demostración generado desde admin',NULL,0,NULL,'demo-carrito-lqA2boRsAY7u-oNBHLUxQw','2025-07-12 12:22:33',0,NULL,0,0.00,'2025-07-11 12:22:33','2025-07-11 12:22:33',NULL,NULL,NULL),(20,'DEMO-WEB','DEMO-WEB-20250711-122849',4,4,'ORIGINAL','PENDIENTE',3500.00,0.00,0.00,3500.00,'Carrito de demostración generado desde admin',NULL,0,NULL,'demo-carrito-wYIa_FTgjnOuKwXlGz_jaA','2025-07-12 12:28:49',0,NULL,0,0.00,'2025-07-11 12:28:49','2025-07-11 12:28:49',NULL,NULL,NULL),(21,'DEMO-WEB','DEMO-WEB-20250711-123836',4,4,'ORIGINAL','PENDIENTE',3500.00,0.00,0.00,3500.00,'Carrito de demostración generado desde admin',NULL,0,NULL,'demo-carrito-HX1rQ-41_7DVzi0OWu8MAQ','2025-07-12 12:38:36',0,NULL,0,0.00,'2025-07-11 12:38:36','2025-07-11 12:38:36',NULL,NULL,NULL),(22,'DEMO-WEB','DEMO-WEB-20250711-133933',4,4,'ORIGINAL','PENDIENTE',3500.00,0.00,0.00,3500.00,'Carrito de demostración generado desde admin',NULL,0,NULL,'demo-carrito-pmB5bBk3US4m9lTW5PSEHg','2025-07-12 13:39:33',0,NULL,0,0.00,'2025-07-11 13:39:33','2025-07-11 13:39:33',NULL,NULL,NULL),(23,'DEMO-WEB','DEMO-WEB-20250711-133950',4,4,'ORIGINAL','PENDIENTE',3500.00,0.00,0.00,3500.00,'Carrito de demostración generado desde admin',NULL,0,NULL,'demo-carrito--7YYOn_E_1kEG1xWaZ2vrA','2025-07-12 13:39:50',0,NULL,0,0.00,'2025-07-11 13:39:50','2025-07-11 13:39:50',NULL,NULL,NULL),(24,'DEMO-WEB','DEMO-WEB-20250711-135148',4,4,'ORIGINAL','PENDIENTE',3500.00,0.00,0.00,3500.00,'Carrito de demostración generado desde admin',NULL,0,NULL,'demo-carrito-kxz0f1MofsEl3Seq73qIxw','2025-07-12 13:51:48',0,NULL,0,0.00,'2025-07-11 13:51:48','2025-07-11 13:51:48',NULL,NULL,NULL);
/*!40000 ALTER TABLE `pedidos` ENABLE KEYS */;
UNLOCK TABLES;

--
-- Dumping data for table `items_pedido`
--

LOCK TABLES `items_pedido` WRITE;
/*!40000 ALTER TABLE `items_pedido` DISABLE KEYS */;
INSERT INTO `items_pedido` (`id`, `pedido_id`, `producto_id`, `cantidad`, `precio_unitario`, `descuento`, `subtotal`, `producto_codigo`, `producto_nombre`) VALUES (1,20,11,2,1200.00,0.00,2400.00,'ARR001','Arroz Gallo 1kg'),(2,20,12,1,800.00,0.00,800.00,'FID001','Fideos Matarazzo 500g'),(3,20,13,1,1500.00,0.00,1500.00,'ACE001','Aceite Natura 900ml'),(4,21,11,2,1200.00,0.00,2400.00,'ARR001','Arroz Gallo 1kg'),(5,21,12,1,800.00,0.00,800.00,'FID001','Fideos Matarazzo 500g'),(6,21,13,1,1500.00,0.00,1500.00,'ACE001','Aceite Natura 900ml'),(7,22,11,2,1200.00,0.00,2400.00,'ARR001','Arroz Gallo 1kg'),(8,22,12,1,800.00,0.00,800.00,'FID001','Fideos Matarazzo 500g'),(9,22,13,1,1500.00,0.00,1500.00,'ACE001','Aceite Natura 900ml'),(10,23,11,2,1200.00,0.00,2400.00,'ARR001','Arroz Gallo 1kg'),(11,23,12,1,800.00,0.00,800.00,'FID001','Fideos Matarazzo 500g'),(12,23,13,1,1500.00,0.00,1500.00,'ACE001','Aceite Natura 900ml'),(13,24,11,2,1200.00,0.00,2400.00,'ARR001','Arroz Gallo 1kg'),(14,24,12,1,800.00,0.00,800.00,'FID001','Fideos Matarazzo 500g'),(15,24,13,1,1500.00,0.00,1500.00,'ACE001','Aceite Natura 900ml');
/*!40000 ALTER TABLE `items_pedido` ENABLE KEYS */;
UNLOCK TABLES;

--
-- Dumping data for table `recomendaciones`
--

LOCK TABLES `recomendaciones` WRITE;
/*!40000 ALTER TABLE `recomendaciones` DISABLE KEYS */;
INSERT INTO `recomendaciones` (`id`, `pedido_id`, `producto_id`, `mayorista_id`, `tipo`, `estado`, `orden`, `score`, `razon`, `producto_nombre`, `producto_precio`, `producto_imagen_url`, `fue_clickeada`, `fecha_click`, `fue_agregada_carrito`, `fecha_agregada_carrito`, `cantidad_agregada`, `monto_convertido`, `fecha_generacion`, `fecha_envio`) VALUES (1,1,13,4,'MAS_VENDIDOS','ENVIADA',1,98.50,'Producto más vendido con arroz y fideos','Aceite Natura 900ml',1250.00,NULL,0,NULL,0,NULL,0,0.00,'2025-07-02 11:46:41','2025-07-02 11:46:41'),(2,1,14,4,'MAS_VENDIDOS','ENVIADA',2,95.00,'Excelente para acompañar tus comidas','Leche La Serenísima 1L',650.00,NULL,0,NULL,0,NULL,0,0.00,'2025-07-02 11:46:41','2025-07-02 11:46:41'),(3,1,15,4,'MAS_VENDIDOS','ENVIADA',3,90.00,'Perfecto para el desayuno','Pan Lactal Bimbo',420.00,NULL,0,NULL,0,NULL,0,0.00,'2025-07-02 11:46:41','2025-07-02 11:46:41'),(4,1,16,4,'MAS_VENDIDOS','ENVIADA',4,88.00,'Producto más vendido este mes','Yogur Ser Natural 900g',890.00,NULL,0,NULL,0,NULL,0,0.00,'2025-07-02 11:46:41','2025-07-02 11:46:41'),(5,1,17,4,'MAS_VENDIDOS','ENVIADA',5,85.00,'Ideal para sandwich y comidas','Queso Cremoso Casancrem 300g',1350.00,NULL,0,NULL,0,NULL,0,0.00,'2025-07-02 11:46:41','2025-07-02 11:46:41'),(6,9,11,4,'REGLA_PERSONALIZADA','GENERADA',1,28.00,'Basado en tu historial de compras','Arroz Gallo 1kg',850.00,NULL,0,NULL,0,NULL,0,0.00,'2025-07-02 14:15:50',NULL),(7,9,12,4,'REGLA_PERSONALIZADA','GENERADA',2,28.00,'Basado en tu historial de compras','Fideos Matarazzo 500g',450.00,NULL,0,NULL,0,NULL,0,0.00,'2025-07-02 14:15:50',NULL),(8,9,13,4,'REGLA_PERSONALIZADA','GENERADA',3,28.00,'Complementa perfecto con tu pedido','Aceite Natura 900ml',1250.00,NULL,0,NULL,0,NULL,0,0.00,'2025-07-02 14:15:50',NULL),(9,9,14,4,'REGLA_PERSONALIZADA','GENERADA',4,28.00,'Basado en tu historial de compras','Leche La Serenísima 1L',650.00,NULL,0,NULL,0,NULL,0,0.00,'2025-07-02 14:15:50',NULL),(10,9,15,4,'REGLA_PERSONALIZADA','GENERADA',5,28.00,'Complementa perfecto con tu pedido','Pan Lactal Bimbo',420.00,NULL,0,NULL,0,NULL,0,0.00,'2025-07-02 14:15:50',NULL),(11,9,16,4,'REGLA_PERSONALIZADA','GENERADA',6,28.00,'Basado en tu historial de compras','Yogur Ser Natural 900g',890.00,NULL,0,NULL,0,NULL,0,0.00,'2025-07-02 14:15:50',NULL),(12,1,13,4,'REGLA_PERSONALIZADA','GENERADA',1,17.50,'Complementa perfecto con tu pedido','Aceite Natura 900ml',1250.00,NULL,0,NULL,0,NULL,0,0.00,'2025-07-04 14:29:30',NULL),(13,1,14,4,'REGLA_PERSONALIZADA','GENERADA',2,17.50,'Basado en tu historial de compras','Leche La Serenísima 1L',650.00,NULL,0,NULL,0,NULL,0,0.00,'2025-07-04 14:29:30',NULL),(14,1,15,4,'REGLA_PERSONALIZADA','GENERADA',3,17.50,'Complementa perfecto con tu pedido','Pan Lactal Bimbo',420.00,NULL,0,NULL,0,NULL,0,0.00,'2025-07-04 14:29:30',NULL),(15,1,16,4,'REGLA_PERSONALIZADA','GENERADA',4,17.50,'Basado en tu historial de compras','Yogur Ser Natural 900g',890.00,NULL,0,NULL,0,NULL,0,0.00,'2025-07-04 14:29:30',NULL),(16,1,17,4,'REGLA_PERSONALIZADA','GENERADA',5,17.50,'Basado en tu historial de compras','Queso Cremoso Casancrem 300g',1350.00,NULL,0,NULL,0,NULL,0,0.00,'2025-07-04 14:29:30',NULL),(17,1,18,4,'REGLA_PERSONALIZADA','GENERADA',6,17.50,'Basado en tu historial de compras','Azúcar Ledesma 1kg',780.00,NULL,0,NULL,0,NULL,0,0.00,'2025-07-04 14:29:30',NULL),(18,1,13,4,'REGLA_PERSONALIZADA','GENERADA',1,17.50,'Complementa perfecto con tu pedido','Aceite Natura 900ml',1250.00,NULL,0,NULL,0,NULL,0,0.00,'2025-07-04 14:30:00',NULL),(19,1,14,4,'REGLA_PERSONALIZADA','GENERADA',2,17.50,'Basado en tu historial de compras','Leche La Serenísima 1L',650.00,NULL,0,NULL,0,NULL,0,0.00,'2025-07-04 14:30:00',NULL),(20,1,15,4,'REGLA_PERSONALIZADA','GENERADA',3,17.50,'Complementa perfecto con tu pedido','Pan Lactal Bimbo',420.00,NULL,0,NULL,0,NULL,0,0.00,'2025-07-04 14:30:00',NULL),(21,1,16,4,'REGLA_PERSONALIZADA','GENERADA',4,17.50,'Basado en tu historial de compras','Yogur Ser Natural 900g',890.00,NULL,0,NULL,0,NULL,0,0.00,'2025-07-04 14:30:00',NULL),(22,1,17,4,'REGLA_PERSONALIZADA','GENERADA',5,17.50,'Basado en tu historial de compras','Queso Cremoso Casancrem 300g',1350.00,NULL,0,NULL,0,NULL,0,0.00,'2025-07-04 14:30:00',NULL),(23,1,18,4,'REGLA_PERSONALIZADA','GENERADA',6,17.50,'Basado en tu historial de compras','Azúcar Ledesma 1kg',780.00,NULL,0,NULL,0,NULL,0,0.00,'2025-07-04 14:30:00',NULL),(24,1,21,4,'REGLA_PERSONALIZADA','GENERADA',1,17.78,'Basado en tu historial de compras','Producto Gescom 300043017',1100.00,NULL,0,NULL,0,NULL,0,0.00,'2025-07-04 14:30:28',NULL),(25,1,13,4,'REGLA_PERSONALIZADA','GENERADA',2,17.50,'Complementa perfecto con tu pedido','Aceite Natura 900ml',1250.00,NULL,0,NULL,0,NULL,0,0.00,'2025-07-04 14:30:28',NULL),(26,1,14,4,'REGLA_PERSONALIZADA','GENERADA',3,17.50,'Basado en tu historial de compras','Leche La Serenísima 1L',650.00,NULL,0,NULL,0,NULL,0,0.00,'2025-07-04 14:30:28',NULL),(27,1,15,4,'REGLA_PERSONALIZADA','GENERADA',4,17.50,'Complementa perfecto con tu pedido','Pan Lactal Bimbo',420.00,NULL,0,NULL,0,NULL,0,0.00,'2025-07-04 14:30:28',NULL),(28,1,16,4,'REGLA_PERSONALIZADA','GENERADA',5,17.50,'Basado en tu historial de compras','Yogur Ser Natural 900g',890.00,NULL,0,NULL,0,NULL,0,0.00,'2025-07-04 14:30:28',NULL),(29,1,17,4,'REGLA_PERSONALIZADA','GENERADA',6,17.50,'Basado en tu historial de compras','Queso Cremoso Casancrem 300g',1350.00,NULL,0,NULL,0,NULL,0,0.00,'2025-07-04 14:30:28',NULL),(30,1,13,4,'REGLA_PERSONALIZADA','GENERADA',1,17.50,'Complementa perfecto con tu pedido','Aceite Natura 900ml',1250.00,NULL,0,NULL,0,NULL,0,0.00,'2025-07-04 14:53:26',NULL),(31,1,14,4,'REGLA_PERSONALIZADA','GENERADA',2,17.50,'Basado en tu historial de compras','Leche La Serenísima 1L',650.00,NULL,0,NULL,0,NULL,0,0.00,'2025-07-04 14:53:26',NULL),(32,1,15,4,'REGLA_PERSONALIZADA','GENERADA',3,17.50,'Complementa perfecto con tu pedido','Pan Lactal Bimbo',420.00,NULL,0,NULL,0,NULL,0,0.00,'2025-07-04 14:53:26',NULL),(33,1,16,4,'REGLA_PERSONALIZADA','GENERADA',4,17.50,'Basado en tu historial de compras','Yogur Ser Natural 900g',890.00,NULL,0,NULL,0,NULL,0,0.00,'2025-07-04 14:53:26',NULL),(34,1,17,4,'REGLA_PERSONALIZADA','GENERADA',5,17.50,'Basado en tu historial de compras','Queso Cremoso Casancrem 300g',1350.00,NULL,0,NULL,0,NULL,0,0.00,'2025-07-04 14:53:26',NULL),(35,1,18,4,'REGLA_PERSONALIZADA','GENERADA',6,17.50,'Basado en tu historial de compras','Azúcar Ledesma 1kg',780.00,NULL,0,NULL,0,NULL,0,0.00,'2025-07-04 14:53:26',NULL),(36,13,15,4,'REGLA_PERSONALIZADA','GENERADA',1,22.50,'Complementa perfecto con tu pedido','Pan Lactal Bimbo',420.00,NULL,1,'2025-07-04 16:22:39',0,NULL,0,0.00,'2025-07-04 16:04:46',NULL),(37,13,13,4,'REGLA_PERSONALIZADA','GENERADA',2,17.60,'Complementa perfecto con tu pedido','Aceite Natura 900ml',1250.00,NULL,0,NULL,0,NULL,0,0.00,'2025-07-04 16:04:46',NULL),(38,13,14,4,'REGLA_PERSONALIZADA','GENERADA',3,17.50,'Basado en tu historial de compras','Leche La Serenísima 1L',650.00,NULL,0,NULL,0,NULL,0,0.00,'2025-07-04 16:04:46',NULL),(39,13,16,4,'REGLA_PERSONALIZADA','GENERADA',4,17.50,'Basado en tu historial de compras','Yogur Ser Natural 900g',890.00,NULL,1,'2025-07-04 16:18:01',0,NULL,0,0.00,'2025-07-04 16:04:46',NULL),(40,13,17,4,'REGLA_PERSONALIZADA','GENERADA',5,17.50,'Basado en tu historial de compras','Queso Cremoso Casancrem 300g',1350.00,NULL,0,NULL,0,NULL,0,0.00,'2025-07-04 16:04:46',NULL),(41,13,18,4,'REGLA_PERSONALIZADA','GENERADA',6,17.50,'Basado en tu historial de compras','Azúcar Ledesma 1kg',780.00,NULL,0,NULL,0,NULL,0,0.00,'2025-07-04 16:04:46',NULL),(42,20,14,4,'MAS_VENDIDOS','GENERADA',1,90.00,'Complementa perfectamente con cereales','Leche La Serenísima 1L',950.00,NULL,0,NULL,0,NULL,0,0.00,'2025-07-11 12:28:49',NULL),(43,20,20,4,'MAS_VENDIDOS','GENERADA',2,95.00,'Snack ideal para acompañar','Galletitas Oreo 118g',600.00,NULL,1,'2025-07-11 12:33:24',0,NULL,0,0.00,'2025-07-11 12:28:49',NULL),(44,20,19,4,'MAS_VENDIDOS','GENERADA',3,100.00,'Producto complementario popular','Café La Virginia 500g',1800.00,NULL,1,'2025-07-11 12:33:30',0,NULL,0,0.00,'2025-07-11 12:28:49',NULL),(45,21,14,4,'MAS_VENDIDOS','GENERADA',1,90.00,'Complementa perfectamente con cereales','Leche La Serenísima 1L',950.00,NULL,0,NULL,0,NULL,0,0.00,'2025-07-11 12:38:36',NULL),(46,21,20,4,'MAS_VENDIDOS','GENERADA',2,95.00,'Snack ideal para acompañar','Galletitas Oreo 118g',600.00,NULL,0,NULL,0,NULL,0,0.00,'2025-07-11 12:38:36',NULL),(47,21,19,4,'MAS_VENDIDOS','GENERADA',3,100.00,'Producto complementario popular','Café La Virginia 500g',1800.00,NULL,0,NULL,0,NULL,0,0.00,'2025-07-11 12:38:36',NULL),(48,22,14,4,'MAS_VENDIDOS','GENERADA',1,90.00,'Complementa perfectamente con cereales','Leche La Serenísima 1L',950.00,NULL,0,NULL,0,NULL,0,0.00,'2025-07-11 13:39:33',NULL),(49,22,20,4,'MAS_VENDIDOS','GENERADA',2,95.00,'Snack ideal para acompañar','Galletitas Oreo 118g',600.00,NULL,0,NULL,0,NULL,0,0.00,'2025-07-11 13:39:33',NULL),(50,22,19,4,'MAS_VENDIDOS','GENERADA',3,100.00,'Producto complementario popular','Café La Virginia 500g',1800.00,NULL,0,NULL,0,NULL,0,0.00,'2025-07-11 13:39:33',NULL),(51,23,14,4,'MAS_VENDIDOS','GENERADA',1,90.00,'Complementa perfectamente con cereales','Leche La Serenísima 1L',950.00,NULL,0,NULL,0,NULL,0,0.00,'2025-07-11 13:39:50',NULL),(52,23,20,4,'MAS_VENDIDOS','GENERADA',2,95.00,'Snack ideal para acompañar','Galletitas Oreo 118g',600.00,NULL,0,NULL,0,NULL,0,0.00,'2025-07-11 13:39:50',NULL),(53,23,19,4,'MAS_VENDIDOS','GENERADA',3,100.00,'Producto complementario popular','Café La Virginia 500g',1800.00,NULL,1,'2025-07-11 13:40:01',0,NULL,0,0.00,'2025-07-11 13:39:50',NULL),(54,24,14,4,'MAS_VENDIDOS','GENERADA',1,90.00,'Complementa perfectamente con cereales','Leche La Serenísima 1L',950.00,NULL,0,NULL,0,NULL,0,0.00,'2025-07-11 13:51:48',NULL),(55,24,20,4,'MAS_VENDIDOS','GENERADA',2,95.00,'Snack ideal para acompañar','Galletitas Oreo 118g',600.00,NULL,0,NULL,0,NULL,0,0.00,'2025-07-11 13:51:48',NULL),(56,24,19,4,'MAS_VENDIDOS','GENERADA',3,100.00,'Producto complementario popular','Café La Virginia 500g',1800.00,NULL,0,NULL,0,NULL,0,0.00,'2025-07-11 13:51:48',NULL);
/*!40000 ALTER TABLE `recomendaciones` ENABLE KEYS */;
UNLOCK TABLES;
/*!40103 SET TIME_ZONE=@OLD_TIME_ZONE */;

/*!40101 SET SQL_MODE=@OLD_SQL_MODE */;
/*!40014 SET FOREIGN_KEY_CHECKS=@OLD_FOREIGN_KEY_CHECKS */;
/*!40101 SET CHARACTER_SET_CLIENT=@OLD_CHARACTER_SET_CLIENT */;
/*!40101 SET CHARACTER_SET_RESULTS=@OLD_CHARACTER_SET_RESULTS */;
/*!40101 SET COLLATION_CONNECTION=@OLD_COLLATION_CONNECTION */;
/*!40111 SET SQL_NOTES=@OLD_SQL_NOTES */;

-- Dump completed on 2025-07-11 16:50:38
